datasetID,accessible,institution,dataStructure,cdm_data_type,class,title,minLongitude,maxLongitude,longitudeSpacing,minLatitude,maxLatitude,latitudeSpacing,minAltitude,maxAltitude,minTime,maxTime,timeSpacing,griddap,subset,tabledap,MakeAGraph,sos,wcs,wms,files,fgdc,iso19115,metadata,sourceUrl,infoUrl,rss,email,testOutOfDate,outOfDate,summary,dataset_dir,nc_path,header_path,dds_url,request_time_min,request_time_max
allDatasets,public,Ocean Networks Canada,table,Other,EDDTableFromAllDatasets,* The List of All Active Datasets in this ERDDAP *,NaN,NaN,NaN,NaN,NaN,NaN,NaN,NaN,,,NaN,,https://dap.oceannetworks.ca/erddap/tabledap/allDatasets.subset,https://dap.oceannetworks.ca/erddap/tabledap/allDatasets,https://dap.oceannetworks.ca/erddap/tabledap/allDatasets.graph,,,,,,,https://dap.oceannetworks.ca/erddap/info/allDatasets/index,https://dap.oceannetworks.ca/erddap,https://dap.oceannetworks.ca/erddap,https://dap.oceannetworks.ca/erddap/rss/allDatasets.rss,https://dap.oceannetworks.ca/erddap/subscriptions/add.html?datasetID=allDatasets&showErrors=false&email=,,NaN,This dataset is a table which has a row of information for each dataset currently active in this ERDDAP.,data/raw/onc_erddap/allDatasets,data/raw/onc_erddap/allDatasets/source.nc,data/raw/onc_erddap/allDatasets/source.header.txt,https://dap.oceannetworks.ca/erddap/tabledap/allDatasets.dds,,
profile_1214852_12474,public,Ocean Networks Canada Society,table,Profile,EDDTableFromDatabase,Arran Back Cove Community Fishers Device Set Deployed at CF542 (MAMKA-7) on 2024-09-18 13:17:52 Down Cast,-55.7734433,-55.7733889,NaN,47.8019002,47.8019098,NaN,NaN,NaN,2024-09-18T13:18:03Z,2024-09-18T13:18:03Z,NaN,,,https://dap.oceannetworks.ca/erddap/tabledap/profile_1214852_12474,https://dap.oceannetworks.ca/erddap/tabledap/profile_1214852_12474.graph,,,,,https://dap.oceannetworks.ca/erddap/metadata/fgdc/xml/profile_1214852_12474_fgdc.xml,https://dap.oceannetworks.ca/erddap/metadata/iso19115/xml/profile_1214852_12474_iso19115.xml,https://dap.oceannetworks.ca/erddap/info/profile_1214852_12474/index,(source database),https://oceannetworks.ca,https://dap.oceannetworks.ca/erddap/rss/profile_1214852_12474.rss,https://dap.oceannetworks.ca/erddap/subscriptions/add.html?datasetID=profile_1214852_12474&showErrors=false&email=,,NaN,"The Community Fishers Device Set was deployed on 2024-09-18 13:17:52 to 2024-09-18 13:18:15 at Arran Back Cove at station CF542 (MAMKA-7). Arran Back Cove is a sheltered inlet located within the Bay of d'Espoir on the south coast of Newfoundland, Canada. This cove lies to the rear or inland side of Arran Cove. The dataset includes oceanographic data collected at various depths in the water column by a suite of instruments, during a single profiling deployment known as a 'cast'. A Community Fishers Instrument Set typically includes a CTD (Conductivity, Temperature, and Depth), oxygen sensor(s), fluorometer(s), and a tablet used for GPS and data transfer via the ONC-developed Community Fishers app. This cast was collected with the Community Fishers Set 026. This cast was supported by Ocean Networks Canada Society, custodian, MAMKA, owner, Ocean Networks Canada Society, distributor. Data from this deployment were archived and made available through Ocean Networks Canada's Oceans 3.0 digital infrastructure, with quality assurance and derived data products following established practices.",data/raw/onc_erddap/profile_1214852_12474,data/raw/onc_erddap/profile_1214852_12474/source.nc,data/raw/onc_erddap/profile_1214852_12474/source.header.txt,https://dap.oceannetworks.ca/erddap/tabledap/profile_1214852_12474.dds,2024-09-18T13:18:03Z,2024-09-18T13:18:03Z
profile_1214852_12475,public,Ocean Networks Canada Society,table,Profile,EDDTableFromDatabase,Arran Back Cove Community Fishers Device Set Deployed at CF542 (MAMKA-7) on 2024-09-18 13:26:30 Down Cast,-55.7719693,-55.7719001,NaN,47.8020366,47.8020381,NaN,NaN,NaN,2024-09-18T13:26:45Z,2024-09-18T13:26:45Z,NaN,,,https://dap.oceannetworks.ca/erddap/tabledap/profile_1214852_12475,https://dap.oceannetworks.ca/erddap/tabledap/profile_1214852_12475.graph,,,,,https://dap.oceannetworks.ca/erddap/metadata/fgdc/xml/profile_1214852_12475_fgdc.xml,,https://dap.oceannetworks.ca/erddap/info/profile_1214852_12475/index,(source database),https://oceannetworks.ca,https://dap.oceannetworks.ca/erddap/rss/profile_1214852_12475.rss,https://dap.oceannetworks.ca/erddap/subscriptions/add.html?datasetID=profile_1214852_12475&showErrors=false&email=,,NaN,"The Community Fishers Device Set was deployed on 2024-09-18 13:26:30 to 2024-09-18 13:27:00 at Arran Back Cove at station CF542 (MAMKA-7). Arran Back Cove is a sheltered inlet located within the Bay of d'Espoir on the south coast of Newfoundland, Canada. This cove lies to the rear or inland side of Arran Cove. The dataset includes oceanographic data collected at various depths in the water column by a suite of instruments, during a single profiling deployment known as a 'cast'. A Community Fishers Instrument Set typically includes a CTD (Conductivity, Temperature, and Depth), oxygen sensor(s), fluorometer(s), and a tablet used for GPS and data transfer via the ONC-developed Community Fishers app. This cast was collected with the Community Fishers Set 026. This cast was supported by Ocean Networks Canada Society, custodian, MAMKA, owner, Ocean Networks Canada Society, distributor. Data from this deployment were archived and made available through Ocean Networks Canada's Oceans 3.0 digital infrastructure, with quality assurance and derived data products following established practices.",data/raw/onc_erddap/profile_1214852_12475,data/raw/onc_erddap/profile_1214852_12475/source.nc,data/raw/onc_erddap/profile_1214852_12475/source.header.txt,https://dap.oceannetworks.ca/erddap/tabledap/profile_1214852_12475.dds,2024-09-18T13:26:45Z,2024-09-18T13:26:45Z
ADCP_118170,public,Ocean Networks Canada Society,table,TimeSeriesProfile,EDDTableFromMultidimNcFiles,Barkley Canyon Axis Acoustic Doppler Current Profiler 600 kHz Deployed 2011-07-15 | Barkley Canyon Axis  Profileur Acoustique de Vitesse par Effet Doppler 600 kHz d\u00e9ploy\u00e9 2011-07-15,-126.0501633333,-126.0501633333,NaN,48.3167616667,48.3167616667,NaN,-923.705219282703,-981.7004335695739,2011-07-15T21:03:00Z,2012-05-29T23:55:01Z,NaN,,,https://dap.oceannetworks.ca/erddap/tabledap/ADCP_118170,https://dap.oceannetworks.ca/erddap/tabledap/ADCP_118170.graph,,,,,https://dap.oceannetworks.ca/erddap/metadata/fgdc/xml/ADCP_118170_fgdc.xml,https://dap.oceannetworks.ca/erddap/metadata/iso19115/xml/ADCP_118170_iso19115.xml,https://dap.oceannetworks.ca/erddap/info/ADCP_118170/index,(local database),https://oceannetworks.ca,https://dap.oceannetworks.ca/erddap/rss/ADCP_118170.rss,https://dap.oceannetworks.ca/erddap/subscriptions/add.html?datasetID=ADCP_118170&showErrors=false&email=,,NaN,"abstract: English = The RDI Workhorse Monitor ADCP 600 kHz (9339) was deployed on 2011-07-15 at Barkley Canyon Axis. Barkley Canyon Axis is located within Barkley Canyon, where benthic processes, biodiversity, sediment dynamics are observed. This device is a Acoustic Doppler Current Profiler 600 kHz. Acoustic Doppler Current Profilers (ADCP) are hydroacoustic instruments, similar to sonars. ADCPs measure current speed and direction at multiple predetermined depths simultaneously. ADCPs use the Doppler effect of sound waves that are scattered by particles in seawater over a depth range. It was deployed on a fixed platform. Data from this deployment were archived and made available through Ocean Networks Canada's Oceans 3.0 digital infrastructure, with quality assurance and derived data products following established practices., abstract: French = Ce RDI Workhorse Monitor ADCP 600 kHz (9339) a \u00e9t\u00e9 d\u00e9ploy\u00e9 le 2011-07-15 au Barkley Canyon Axis . Barkley Canyon Axis est situ\u00e9 dans Barkley Canyon, o\u00f9 les processus benthiques, la biodiversit\u00e9 et la dynamique des s\u00e9diments sont observ\u00e9s. Cet instrument est un Profileur Acoustique de Vitesse par Effet Doppler 600 kHz. Les profileurs acoustiques de vitesse par effet Doppler (ADCP) sont des instruments hydroacoustiques, semblables aux sonars. Les ADCP mesurent simultan\u00e9ment la vitesse et la direction du courant \u00e0 plusieurs profondeurs pr\u00e9d\u00e9termin\u00e9es. Les ADCP utilisent l'effet Doppler des ondes sonores qui sont dispers\u00e9es par des particules dans l'eau de mer sur une plage de profondeur. Il a \u00e9t\u00e9 deploy\u00e9 sur une plateforme fixe. Les donn\u00e9es de ce d\u00e9ploiement sont archiv\u00e9es et accessibles sur l\u2019infrastructure num\u00e9rique Oceans 3.0 du R\u00e9seau Canadien des Oc\u00e9ans (ONC), avec assurance de la qualit\u00e9 et produits d\u00e9riv\u00e9s selon les conventions \u00e9tablies.",data/raw/onc_erddap/ADCP_118170,data/raw/onc_erddap/ADCP_118170/source.nc,data/raw/onc_erddap/ADCP_118170/source.header.txt,https://dap.oceannetworks.ca/erddap/tabledap/ADCP_118170.dds,2011-07-15T21:03:00Z,2012-05-29T23:55:01Z
ADCP_118895,public,Ocean Networks Canada Society,table,TimeSeriesProfile,EDDTableFromMultidimNcFiles,Barkley Canyon Axis Acoustic Doppler Current Profiler 75 kHz Deployed 2012-06-02 | Barkley Canyon Axis  Profileur Acoustique de Vitesse par Effet Doppler 75 kHz d\u00e9ploy\u00e9 2012-06-02,-126.050125,-126.050125,NaN,48.3167433333,48.3167433333,NaN,-336.5412036522671,-968.2891268585254,2012-06-02T06:34:43Z,2013-05-10T23:14:01Z,NaN,,,https://dap.oceannetworks.ca/erddap/tabledap/ADCP_118895,https://dap.oceannetworks.ca/erddap/tabledap/ADCP_118895.graph,,,,,https://dap.oceannetworks.ca/erddap/metadata/fgdc/xml/ADCP_118895_fgdc.xml,https://dap.oceannetworks.ca/erddap/metadata/iso19115/xml/ADCP_118895_iso19115.xml,https://dap.oceannetworks.ca/erddap/info/ADCP_118895/index,(local database),https://oceannetworks.ca,https://dap.oceannetworks.ca/erddap/rss/ADCP_118895.rss,https://dap.oceannetworks.ca/erddap/subscriptions/add.html?datasetID=ADCP_118895&showErrors=false&email=,,NaN,"abstract: English = The RDI Workhorse Long Ranger ADCP 75 kHz (17432) was deployed on 2012-06-02 at Barkley Canyon Axis. Barkley Canyon Axis is located within Barkley Canyon, where benthic processes, biodiversity, sediment dynamics are observed. This device is a Acoustic Doppler Current Profiler 75 kHz. Acoustic Doppler Current Profilers (ADCP) are hydroacoustic instruments, similar to sonars. ADCPs measure current speed and direction at multiple predetermined depths simultaneously. ADCPs use the Doppler effect of sound waves that are scattered by particles in seawater over a depth range. It was deployed on a fixed platform. Data from this deployment were archived and made available through Ocean Networks Canada's Oceans 3.0 digital infrastructure, with quality assurance and derived data products following established practices., abstract: French = Ce RDI Workhorse Long Ranger ADCP 75 kHz (17432) a \u00e9t\u00e9 d\u00e9ploy\u00e9 le 2012-06-02 au Barkley Canyon Axis . Barkley Canyon Axis est situ\u00e9 dans Barkley Canyon, o\u00f9 les processus benthiques, la biodiversit\u00e9 et la dynamique des s\u00e9diments sont observ\u00e9s. Cet instrument est un Profileur Acoustique de Vitesse par Effet Doppler 75 kHz. Les profileurs acoustiques de vitesse par effet Doppler (ADCP) sont des instruments hydroacoustiques, semblables aux sonars. Les ADCP mesurent simultan\u00e9ment la vitesse et la direction du courant \u00e0 plusieurs profondeurs pr\u00e9d\u00e9termin\u00e9es. Les ADCP utilisent l'effet Doppler des ondes sonores qui sont dispers\u00e9es par des particules dans l'eau de mer sur une plage de profondeur. Il a \u00e9t\u00e9 deploy\u00e9 sur une plateforme fixe. Les donn\u00e9es de ce d\u00e9ploiement sont archiv\u00e9es et accessibles sur l\u2019infrastructure num\u00e9rique Oceans 3.0 du R\u00e9seau Canadien des Oc\u00e9ans (ONC), avec assurance de la qualit\u00e9 et produits d\u00e9riv\u00e9s selon les conventions \u00e9tablies.",data/raw/onc_erddap/ADCP_118895,data/raw/onc_erddap/ADCP_118895/source.nc,data/raw/onc_erddap/ADCP_118895/source.header.txt,https://dap.oceannetworks.ca/erddap/tabledap/ADCP_118895.dds,2012-06-02T06:34:43Z,2013-05-10T23:14:01Z
ADCP_1189222,public,Ocean Networks Canada Society,table,TimeSeriesProfile,EDDTableFromMultidimNcFiles,Barkley Canyon Axis Acoustic Doppler Current Profiler 75 kHz Deployed 2013-05-12 | Barkley Canyon Axis  Profileur Acoustique de Vitesse par Effet Doppler 75 kHz d\u00e9ploy\u00e9 2013-05-12,-126.0502166667,-126.0502166667,NaN,48.3165166667,48.3165166667,NaN,-336.29715523581535,-968.2809992536145,2013-05-12T19:12:51Z,2014-05-05T16:27:21Z,NaN,,,https://dap.oceannetworks.ca/erddap/tabledap/ADCP_1189222,https://dap.oceannetworks.ca/erddap/tabledap/ADCP_1189222.graph,,,,,https://dap.oceannetworks.ca/erddap/metadata/fgdc/xml/ADCP_1189222_fgdc.xml,https://dap.oceannetworks.ca/erddap/metadata/iso19115/xml/ADCP_1189222_iso19115.xml,https://dap.oceannetworks.ca/erddap/info/ADCP_1189222/index,(local database),https://oceannetworks.ca,https://dap.oceannetworks.ca/erddap/rss/ADCP_1189222.rss,https://dap.oceannetworks.ca/erddap/subscriptions/add.html?datasetID=ADCP_1189222&showErrors=false&email=,,NaN,"abstract: English = The RDI Workhorse Long Ranger ADCP 75 kHz (17432) was deployed on 2013-05-12 at Barkley Canyon Axis. Barkley Canyon Axis is located within Barkley Canyon, where benthic processes, biodiversity, sediment dynamics are observed. This device is a Acoustic Doppler Current Profiler 75 kHz. Acoustic Doppler Current Profilers (ADCP) are hydroacoustic instruments, similar to sonars. ADCPs measure current speed and direction at multiple predetermined depths simultaneously. ADCPs use the Doppler effect of sound waves that are scattered by particles in seawater over a depth range. It was deployed on a fixed platform. Data from this deployment were archived and made available through Ocean Networks Canada's Oceans 3.0 digital infrastructure, with quality assurance and derived data products following established practices., abstract: French = Ce RDI Workhorse Long Ranger ADCP 75 kHz (17432) a \u00e9t\u00e9 d\u00e9ploy\u00e9 le 2013-05-12 au Barkley Canyon Axis . Barkley Canyon Axis est situ\u00e9 dans Barkley Canyon, o\u00f9 les processus benthiques, la biodiversit\u00e9 et la dynamique des s\u00e9diments sont observ\u00e9s. Cet instrument est un Profileur Acoustique de Vitesse par Effet Doppler 75 kHz. Les profileurs acoustiques de vitesse par effet Doppler (ADCP) sont des instruments hydroacoustiques, semblables aux sonars. Les ADCP mesurent simultan\u00e9ment la vitesse et la direction du courant \u00e0 plusieurs profondeurs pr\u00e9d\u00e9termin\u00e9es. Les ADCP utilisent l'effet Doppler des ondes sonores qui sont dispers\u00e9es par des particules dans l'eau de mer sur une plage de profondeur. Il a \u00e9t\u00e9 deploy\u00e9 sur une plateforme fixe. Les donn\u00e9es de ce d\u00e9ploiement sont archiv\u00e9es et accessibles sur l\u2019infrastructure num\u00e9rique Oceans 3.0 du R\u00e9seau Canadien des Oc\u00e9ans (ONC), avec assurance de la qualit\u00e9 et produits d\u00e9riv\u00e9s selon les conventions \u00e9tablies.",data/raw/onc_erddap/ADCP_1189222,data/raw/onc_erddap/ADCP_1189222/source.nc,data/raw/onc_erddap/ADCP_1189222/source.header.txt,https://dap.oceannetworks.ca/erddap/tabledap/ADCP_1189222.dds,2013-05-12T19:12:51Z,2014-05-05T16:27:21Z
ADCP_1190536,public,Ocean Networks Canada Society,table,TimeSeriesProfile,EDDTableFromMultidimNcFiles,Barkley Canyon Axis Acoustic Doppler Current Profiler 75 kHz Deployed 2014-05-08 | Barkley Canyon Axis  Profileur Acoustique de Vitesse par Effet Doppler 75 kHz d\u00e9ploy\u00e9 2014-05-08,-126.050165,-126.050165,NaN,48.316771666666,48.316771666666,NaN,-338.44530313246173,-970.2849689494045,2014-05-09T16:53:38Z,2015-01-12T23:38:56Z,NaN,,,https://dap.oceannetworks.ca/erddap/tabledap/ADCP_1190536,https://dap.oceannetworks.ca/erddap/tabledap/ADCP_1190536.graph,,,,,https://dap.oceannetworks.ca/erddap/metadata/fgdc/xml/ADCP_1190536_fgdc.xml,https://dap.oceannetworks.ca/erddap/metadata/iso19115/xml/ADCP_1190536_iso19115.xml,https://dap.oceannetworks.ca/erddap/info/ADCP_1190536/index,(local database),https://oceannetworks.ca,https://dap.oceannetworks.ca/erddap/rss/ADCP_1190536.rss,https://dap.oceannetworks.ca/erddap/subscriptions/add.html?datasetID=ADCP_1190536&showErrors=false&email=,,NaN,"abstract: English = The RDI Workhorse Long Ranger ADCP 75 kHz (17431) was deployed on 2014-05-08 at Barkley Canyon Axis. Barkley Canyon Axis is located within Barkley Canyon, where benthic processes, biodiversity, sediment dynamics are observed. This device is a Acoustic Doppler Current Profiler 75 kHz. Acoustic Doppler Current Profilers (ADCP) are hydroacoustic instruments, similar to sonars. ADCPs measure current speed and direction at multiple predetermined depths simultaneously. ADCPs use the Doppler effect of sound waves that are scattered by particles in seawater over a depth range. It was deployed on a fixed platform. Data from this deployment were archived and made available through Ocean Networks Canada's Oceans 3.0 digital infrastructure, with quality assurance and derived data products following established practices., abstract: French = Ce RDI Workhorse Long Ranger ADCP 75 kHz (17431) a \u00e9t\u00e9 d\u00e9ploy\u00e9 le 2014-05-08 au Barkley Canyon Axis . Barkley Canyon Axis est situ\u00e9 dans Barkley Canyon, o\u00f9 les processus benthiques, la biodiversit\u00e9 et la dynamique des s\u00e9diments sont observ\u00e9s. Cet instrument est un Profileur Acoustique de Vitesse par Effet Doppler 75 kHz. Les profileurs acoustiques de vitesse par effet Doppler (ADCP) sont des instruments hydroacoustiques, semblables aux sonars. Les ADCP mesurent simultan\u00e9ment la vitesse et la direction du courant \u00e0 plusieurs profondeurs pr\u00e9d\u00e9termin\u00e9es. Les ADCP utilisent l'effet Doppler des ondes sonores qui sont dispers\u00e9es par des particules dans l'eau de mer sur une plage de profondeur. Il a \u00e9t\u00e9 deploy\u00e9 sur une plateforme fixe. Les donn\u00e9es de ce d\u00e9ploiement sont archiv\u00e9es et accessibles sur l\u2019infrastructure num\u00e9rique Oceans 3.0 du R\u00e9seau Canadien des Oc\u00e9ans (ONC), avec assurance de la qualit\u00e9 et produits d\u00e9riv\u00e9s selon les conventions \u00e9tablies.",data/raw/onc_erddap/ADCP_1190536,data/raw/onc_erddap/ADCP_1190536/source.nc,data/raw/onc_erddap/ADCP_1190536/source.header.txt,https://dap.oceannetworks.ca/erddap/tabledap/ADCP_1190536.dds,2014-05-09T16:53:38Z,2015-01-12T23:38:56Z
ADCP_1194368,public,Ocean Networks Canada Society,table,TimeSeriesProfile,EDDTableFromMultidimNcFiles,Barkley Canyon Axis Acoustic Doppler Current Profiler 75 kHz Deployed 2016-06-14 | Barkley Canyon Axis  Profileur Acoustique de Vitesse par Effet Doppler 75 kHz d\u00e9ploy\u00e9 2016-06-14,-126.050799,-126.050799,NaN,48.316602,48.316602,NaN,-336.4244264154163,-968.2844286643699,2016-06-15T00:00:00Z,2018-06-22T10:05:42Z,NaN,,,https://dap.oceannetworks.ca/erddap/tabledap/ADCP_1194368,https://dap.oceannetworks.ca/erddap/tabledap/ADCP_1194368.graph,,,,,https://dap.oceannetworks.ca/erddap/metadata/fgdc/xml/ADCP_1194368_fgdc.xml,https://dap.oceannetworks.ca/erddap/metadata/iso19115/xml/ADCP_1194368_iso19115.xml,https://dap.oceannetworks.ca/erddap/info/ADCP_1194368/index,(local database),https://oceannetworks.ca,https://dap.oceannetworks.ca/erddap/rss/ADCP_1194368.rss,https://dap.oceannetworks.ca/erddap/subscriptions/add.html?datasetID=ADCP_1194368&showErrors=false&email=,,NaN,"abstract: English = The RDI Workhorse Long Ranger ADCP 75 kHz (17431) was deployed on 2016-06-14 at Barkley Canyon Axis. Barkley Canyon Axis is located within Barkley Canyon, where benthic processes, biodiversity, sediment dynamics are observed. This device is a Acoustic Doppler Current Profiler 75 kHz. Acoustic Doppler Current Profilers (ADCP) are hydroacoustic instruments, similar to sonars. ADCPs measure current speed and direction at multiple predetermined depths simultaneously. ADCPs use the Doppler effect of sound waves that are scattered by particles in seawater over a depth range. It was deployed on a fixed platform. Data from this deployment were archived and made available through Ocean Networks Canada's Oceans 3.0 digital infrastructure, with quality assurance and derived data products following established practices., abstract: French = Ce RDI Workhorse Long Ranger ADCP 75 kHz (17431) a \u00e9t\u00e9 d\u00e9ploy\u00e9 le 2016-06-14 au Barkley Canyon Axis . Barkley Canyon Axis est situ\u00e9 dans Barkley Canyon, o\u00f9 les processus benthiques, la biodiversit\u00e9 et la dynamique des s\u00e9diments sont observ\u00e9s. Cet instrument est un Profileur Acoustique de Vitesse par Effet Doppler 75 kHz. Les profileurs acoustiques de vitesse par effet Doppler (ADCP) sont des instruments hydroacoustiques, semblables aux sonars. Les ADCP mesurent simultan\u00e9ment la vitesse et la direction du courant \u00e0 plusieurs profondeurs pr\u00e9d\u00e9termin\u00e9es. Les ADCP utilisent l'effet Doppler des ondes sonores qui sont dispers\u00e9es par des particules dans l'eau de mer sur une plage de profondeur. Il a \u00e9t\u00e9 deploy\u00e9 sur une plateforme fixe. Les donn\u00e9es de ce d\u00e9ploiement sont archiv\u00e9es et accessibles sur l\u2019infrastructure num\u00e9rique Oceans 3.0 du R\u00e9seau Canadien des Oc\u00e9ans (ONC), avec assurance de la qualit\u00e9 et produits d\u00e9riv\u00e9s selon les conventions \u00e9tablies.",data/raw/onc_erddap/ADCP_1194368,data/raw/onc_erddap/ADCP_1194368/source.nc,data/raw/onc_erddap/ADCP_1194368/source.header.txt,https://dap.oceannetworks.ca/erddap/tabledap/ADCP_1194368.dds,2016-06-15T00:00:00Z,2018-06-22T10:05:42Z
scalar_1189655,public,Ocean Networks Canada Society,table,TimeSeries,EDDTableFromDatabase,Barkley Canyon Axis Conductivity Temperature Depth Deployed 2013-09-10 | Barkley Canyon Axis  Conductivit\u00e9/Temp\u00e9rature/Profondeur d\u00e9ploy\u00e9 2013-09-10,-126.0502166667,-126.0502166667,NaN,48.3165166667,48.3165166667,NaN,-985.0,-985.0,2013-09-10T16:08:33Z,2014-05-05T18:08:36Z,NaN,,,https://dap.oceannetworks.ca/erddap/tabledap/scalar_1189655,https://dap.oceannetworks.ca/erddap/tabledap/scalar_1189655.graph,,,,,https://dap.oceannetworks.ca/erddap/metadata/fgdc/xml/scalar_1189655_fgdc.xml,https://dap.oceannetworks.ca/erddap/metadata/iso19115/xml/scalar_1189655_iso19115.xml,https://dap.oceannetworks.ca/erddap/info/scalar_1189655/index,(source database),https://oceannetworks.ca,https://dap.oceannetworks.ca/erddap/rss/scalar_1189655.rss,https://dap.oceannetworks.ca/erddap/subscriptions/add.html?datasetID=scalar_1189655&showErrors=false&email=,,NaN,"abstract: English = The Sea-Bird SeaCAT SBE16plus V2 7031 was deployed on 2013-09-10 at Barkley Canyon Axis. Barkley Canyon Axis is located within Barkley Canyon, where benthic processes, biodiversity, sediment dynamics are observed. This device is a Conductivity Temperature Depth. Conductivity Temperature Depth (CTD) is an instrument package that contains sensors for measuring the conductivity, temperature, and pressure of seawater. Salinity, sound velocity, depth and density are variables that can be derived from sensor measurements. CTDs can carry additional instruments and sensors such as oxygen sensors, turbidity sensors and fluorometers. It was deployed on a fixed platform. Data from this deployment were archived and made available through Ocean Networks Canada's Oceans 3.0 digital infrastructure, with quality assurance and derived data products following established practices., abstract: French = Ce Sea-Bird SeaCAT SBE16plus V2 7031 a \u00e9t\u00e9 d\u00e9ploy\u00e9 le 2013-09-10 au Barkley Canyon Axis . Barkley Canyon Axis est situ\u00e9 dans Barkley Canyon, o\u00f9 les processus benthiques, la biodiversit\u00e9 et la dynamique des s\u00e9diments sont observ\u00e9s. Cet instrument est un Conductivit\u00e9/Temp\u00e9rature/Profondeur. Conductivit\u00e9 Temp\u00e9rature Profondeur (CTD) est un nom abr\u00e9g\u00e9 pour un ensemble d'instruments qui contient des capteurs permettant de mesurer la conductivit\u00e9, la temp\u00e9rature et la pression de l'eau de mer. La salinit\u00e9, la vitesse du son, la profondeur et la densit\u00e9 sont des variables qui peuvent \u00eatre d\u00e9riv\u00e9es des mesures par capteurs. Les CTD peuvent transporter d'autres instruments et capteurs, comme des capteurs d'oxyg\u00e8ne, des capteurs de turbidit\u00e9 et des fluorom\u00e8tres. Il a \u00e9t\u00e9 deploy\u00e9 sur une plateforme fixe. Les donn\u00e9es de ce d\u00e9ploiement sont archiv\u00e9es et accessibles sur l\u2019infrastructure num\u00e9rique Oceans 3.0 du R\u00e9seau Canadien des Oc\u00e9ans (ONC), avec assurance de la qualit\u00e9 et produits d\u00e9riv\u00e9s selon les conventions \u00e9tablies.",data/raw/onc_erddap/scalar_1189655,data/raw/onc_erddap/scalar_1189655/source.nc,data/raw/onc_erddap/scalar_1189655/source.header.txt,https://dap.oceannetworks.ca/erddap/tabledap/scalar_1189655.dds,2013-09-10T16:08:33Z,2014-05-05T18:08:36Z
scalar_1190542,public,Ocean Networks Canada Society,table,TimeSeries,EDDTableFromDatabase,Barkley Canyon Axis Conductivity Temperature Depth Deployed 2014-05-09 | Barkley Canyon Axis  Conductivit\u00e9/Temp\u00e9rature/Profondeur d\u00e9ploy\u00e9 2014-05-09,-126.050796,-126.050796,NaN,48.316583,48.316583,NaN,-982.0,-982.0,2014-05-09T15:50:42Z,2015-09-17T12:59:52Z,NaN,,,https://dap.oceannetworks.ca/erddap/tabledap/scalar_1190542,https://dap.oceannetworks.ca/erddap/tabledap/scalar_1190542.graph,,,,,https://dap.oceannetworks.ca/erddap/metadata/fgdc/xml/scalar_1190542_fgdc.xml,https://dap.oceannetworks.ca/erddap/metadata/iso19115/xml/scalar_1190542_iso19115.xml,https://dap.oceannetworks.ca/erddap/info/scalar_1190542/index,(source database),https://oceannetworks.ca,https://dap.oceannetworks.ca/erddap/rss/scalar_1190542.rss,https://dap.oceannetworks.ca/erddap/subscriptions/add.html?datasetID=scalar_1190542&showErrors=false&email=,,NaN,"abstract: English = The Sea-Bird SeaCAT SBE16plus 6002 was deployed on 2014-05-09 at Barkley Canyon Axis. Barkley Canyon Axis is located within Barkley Canyon, where benthic processes, biodiversity, sediment dynamics are observed. This device is a Conductivity Temperature Depth. Conductivity Temperature Depth (CTD) is an instrument package that contains sensors for measuring the conductivity, temperature, and pressure of seawater. Salinity, sound velocity, depth and density are variables that can be derived from sensor measurements. CTDs can carry additional instruments and sensors such as oxygen sensors, turbidity sensors and fluorometers. It was deployed on a fixed platform. Data from this deployment were archived and made available through Ocean Networks Canada's Oceans 3.0 digital infrastructure, with quality assurance and derived data products following established practices., abstract: French = Ce Sea-Bird SeaCAT SBE16plus 6002 a \u00e9t\u00e9 d\u00e9ploy\u00e9 le 2014-05-09 au Barkley Canyon Axis . Barkley Canyon Axis est situ\u00e9 dans Barkley Canyon, o\u00f9 les processus benthiques, la biodiversit\u00e9 et la dynamique des s\u00e9diments sont observ\u00e9s. Cet instrument est un Conductivit\u00e9/Temp\u00e9rature/Profondeur. Conductivit\u00e9 Temp\u00e9rature Profondeur (CTD) est un nom abr\u00e9g\u00e9 pour un ensemble d'instruments qui contient des capteurs permettant de mesurer la conductivit\u00e9, la temp\u00e9rature et la pression de l'eau de mer. La salinit\u00e9, la vitesse du son, la profondeur et la densit\u00e9 sont des variables qui peuvent \u00eatre d\u00e9riv\u00e9es des mesures par capteurs. Les CTD peuvent transporter d'autres instruments et capteurs, comme des capteurs d'oxyg\u00e8ne, des capteurs de turbidit\u00e9 et des fluorom\u00e8tres. Il a \u00e9t\u00e9 deploy\u00e9 sur une plateforme fixe. Les donn\u00e9es de ce d\u00e9ploiement sont archiv\u00e9es et accessibles sur l\u2019infrastructure num\u00e9rique Oceans 3.0 du R\u00e9seau Canadien des Oc\u00e9ans (ONC), avec assurance de la qualit\u00e9 et produits d\u00e9riv\u00e9s selon les conventions \u00e9tablies.",data/raw/onc_erddap/scalar_1190542,data/raw/onc_erddap/scalar_1190542/source.nc,data/raw/onc_erddap/scalar_1190542/source.header.txt,https://dap.oceannetworks.ca/erddap/tabledap/scalar_1190542.dds,2014-05-09T15:50:42Z,2015-09-17T12:59:52Z
scalar_1192794,public,Ocean Networks Canada Society,table,TimeSeries,EDDTableFromDatabase,Barkley Canyon Axis Conductivity Temperature Depth Deployed 2015-09-17 | Barkley Canyon Axis  Conductivit\u00e9/Temp\u00e9rature/Profondeur d\u00e9ploy\u00e9 2015-09-17,-126.050796,-126.050796,NaN,48.316583,48.316583,NaN,-982.0,-982.0,2015-09-17T13:05:55Z,2016-06-14T08:38:38Z,NaN,,,https://dap.oceannetworks.ca/erddap/tabledap/scalar_1192794,https://dap.oceannetworks.ca/erddap/tabledap/scalar_1192794.graph,,,,,https://dap.oceannetworks.ca/erddap/metadata/fgdc/xml/scalar_1192794_fgdc.xml,https://dap.oceannetworks.ca/erddap/metadata/iso19115/xml/scalar_1192794_iso19115.xml,https://dap.oceannetworks.ca/erddap/info/scalar_1192794/index,(source database),https://oceannetworks.ca,https://dap.oceannetworks.ca/erddap/rss/scalar_1192794.rss,https://dap.oceannetworks.ca/erddap/subscriptions/add.html?datasetID=scalar_1192794&showErrors=false&email=,,NaN,"abstract: English = The Sea-Bird SeaCAT SBE19plus V2 7031 was deployed on 2015-09-17 at Barkley Canyon Axis. Barkley Canyon Axis is located within Barkley Canyon, where benthic processes, biodiversity, sediment dynamics are observed. This device is a Conductivity Temperature Depth. Conductivity Temperature Depth (CTD) is an instrument package that contains sensors for measuring the conductivity, temperature, and pressure of seawater. Salinity, sound velocity, depth and density are variables that can be derived from sensor measurements. CTDs can carry additional instruments and sensors such as oxygen sensors, turbidity sensors and fluorometers. It was deployed on a fixed platform. Data from this deployment were archived and made available through Ocean Networks Canada's Oceans 3.0 digital infrastructure, with quality assurance and derived data products following established practices., abstract: French = Ce Sea-Bird SeaCAT SBE19plus V2 7031 a \u00e9t\u00e9 d\u00e9ploy\u00e9 le 2015-09-17 au Barkley Canyon Axis . Barkley Canyon Axis est situ\u00e9 dans Barkley Canyon, o\u00f9 les processus benthiques, la biodiversit\u00e9 et la dynamique des s\u00e9diments sont observ\u00e9s. Cet instrument est un Conductivit\u00e9/Temp\u00e9rature/Profondeur. Conductivit\u00e9 Temp\u00e9rature Profondeur (CTD) est un nom abr\u00e9g\u00e9 pour un ensemble d'instruments qui contient des capteurs permettant de mesurer la conductivit\u00e9, la temp\u00e9rature et la pression de l'eau de mer. La salinit\u00e9, la vitesse du son, la profondeur et la densit\u00e9 sont des variables qui peuvent \u00eatre d\u00e9riv\u00e9es des mesures par capteurs. Les CTD peuvent transporter d'autres instruments et capteurs, comme des capteurs d'oxyg\u00e8ne, des capteurs de turbidit\u00e9 et des fluorom\u00e8tres. Il a \u00e9t\u00e9 deploy\u00e9 sur une plateforme fixe. Les donn\u00e9es de ce d\u00e9ploiement sont archiv\u00e9es et accessibles sur l\u2019infrastructure num\u00e9rique Oceans 3.0 du R\u00e9seau Canadien des Oc\u00e9ans (ONC), avec assurance de la qualit\u00e9 et produits d\u00e9riv\u00e9s selon les conventions \u00e9tablies.",data/raw/onc_erddap/scalar_1192794,data/raw/onc_erddap/scalar_1192794/source.nc,data/raw/onc_erddap/scalar_1192794/source.header.txt,https://dap.oceannetworks.ca/erddap/tabledap/scalar_1192794.dds,2015-09-17T13:05:55Z,2016-06-14T08:38:38Z
scalar_1194359,public,Ocean Networks Canada Society,table,TimeSeries,EDDTableFromDatabase,Barkley Canyon Axis Conductivity Temperature Depth Deployed 2016-06-14 | Barkley Canyon Axis  Conductivit\u00e9/Temp\u00e9rature/Profondeur d\u00e9ploy\u00e9 2016-06-14,-126.050796,-126.050796,NaN,48.316583,48.316583,NaN,-982.0,-982.0,2016-06-14T08:58:41Z,2018-06-22T10:46:49Z,NaN,,,https://dap.oceannetworks.ca/erddap/tabledap/scalar_1194359,https://dap.oceannetworks.ca/erddap/tabledap/scalar_1194359.graph,,,,,https://dap.oceannetworks.ca/erddap/metadata/fgdc/xml/scalar_1194359_fgdc.xml,https://dap.oceannetworks.ca/erddap/metadata/iso19115/xml/scalar_1194359_iso19115.xml,https://dap.oceannetworks.ca/erddap/info/scalar_1194359/index,(source database),https://oceannetworks.ca,https://dap.oceannetworks.ca/erddap/rss/scalar_1194359.rss,https://dap.oceannetworks.ca/erddap/subscriptions/add.html?datasetID=scalar_1194359&showErrors=false&email=,,NaN,"abstract: English = The Sea-Bird SeaCAT SBE19plus V2 6813 was deployed on 2016-06-14 at Barkley Canyon Axis. Barkley Canyon Axis is located within Barkley Canyon, where benthic processes, biodiversity, sediment dynamics are observed. This device is a Conductivity Temperature Depth. Conductivity Temperature Depth (CTD) is an instrument package that contains sensors for measuring the conductivity, temperature, and pressure of seawater. Salinity, sound velocity, depth and density are variables that can be derived from sensor measurements. CTDs can carry additional instruments and sensors such as oxygen sensors, turbidity sensors and fluorometers. It was deployed on a fixed platform. Data from this deployment were archived and made available through Ocean Networks Canada's Oceans 3.0 digital infrastructure, with quality assurance and derived data products following established practices., abstract: French = Ce Sea-Bird SeaCAT SBE19plus V2 6813 a \u00e9t\u00e9 d\u00e9ploy\u00e9 le 2016-06-14 au Barkley Canyon Axis . Barkley Canyon Axis est situ\u00e9 dans Barkley Canyon, o\u00f9 les processus benthiques, la biodiversit\u00e9 et la dynamique des s\u00e9diments sont observ\u00e9s. Cet instrument est un Conductivit\u00e9/Temp\u00e9rature/Profondeur. Conductivit\u00e9 Temp\u00e9rature Profondeur (CTD) est un nom abr\u00e9g\u00e9 pour un ensemble d'instruments qui contient des capteurs permettant de mesurer la conductivit\u00e9, la temp\u00e9rature et la pression de l'eau de mer. La salinit\u00e9, la vitesse du son, la profondeur et la densit\u00e9 sont des variables qui peuvent \u00eatre d\u00e9riv\u00e9es des mesures par capteurs. Les CTD peuvent transporter d'autres instruments et capteurs, comme des capteurs d'oxyg\u00e8ne, des capteurs de turbidit\u00e9 et des fluorom\u00e8tres. Il a \u00e9t\u00e9 deploy\u00e9 sur une plateforme fixe. Les donn\u00e9es de ce d\u00e9ploiement sont archiv\u00e9es et accessibles sur l\u2019infrastructure num\u00e9rique Oceans 3.0 du R\u00e9seau Canadien des Oc\u00e9ans (ONC), avec assurance de la qualit\u00e9 et produits d\u00e9riv\u00e9s selon les conventions \u00e9tablies.",data/raw/onc_erddap/scalar_1194359,data/raw/onc_erddap/scalar_1194359/source.nc,data/raw/onc_erddap/scalar_1194359/source.header.txt,https://dap.oceannetworks.ca/erddap/tabledap/scalar_1194359.dds,2016-06-14T08:58:41Z,2018-06-22T10:46:49Z
scalar_1200145,public,Ocean Networks Canada Society,table,TimeSeries,EDDTableFromDatabase,Barkley Canyon Axis Conductivity Temperature Depth Deployed 2018-06-22 | Barkley Canyon Axis  Conductivit\u00e9/Temp\u00e9rature/Profondeur d\u00e9ploy\u00e9 2018-06-22,-126.050738,-126.050738,NaN,48.31664,48.31664,NaN,-983.0,-983.0,2018-06-22T12:57:44Z,2020-03-10T13:53:26Z,NaN,,,https://dap.oceannetworks.ca/erddap/tabledap/scalar_1200145,https://dap.oceannetworks.ca/erddap/tabledap/scalar_1200145.graph,,,,,https://dap.oceannetworks.ca/erddap/metadata/fgdc/xml/scalar_1200145_fgdc.xml,https://dap.oceannetworks.ca/erddap/metadata/iso19115/xml/scalar_1200145_iso19115.xml,https://dap.oceannetworks.ca/erddap/info/scalar_1200145/index,(source database),https://oceannetworks.ca,https://dap.oceannetworks.ca/erddap/rss/scalar_1200145.rss,https://dap.oceannetworks.ca/erddap/subscriptions/add.html?datasetID=scalar_1200145&showErrors=false&email=,,NaN,"abstract: English = The Sea-Bird SeaCAT SBE19plus V2 7875 was deployed on 2018-06-22 at Barkley Canyon Axis. Barkley Canyon Axis is located within Barkley Canyon, where benthic processes, biodiversity, sediment dynamics are observed. This device is a Conductivity Temperature Depth. Conductivity Temperature Depth (CTD) is an instrument package that contains sensors for measuring the conductivity, temperature, and pressure of seawater. Salinity, sound velocity, depth and density are variables that can be derived from sensor measurements. CTDs can carry additional instruments and sensors such as oxygen sensors, turbidity sensors and fluorometers. It was deployed on a fixed platform. Data from this deployment were archived and made available through Ocean Networks Canada's Oceans 3.0 digital infrastructure, with quality assurance and derived data products following established practices., abstract: French = Ce Sea-Bird SeaCAT SBE19plus V2 7875 a \u00e9t\u00e9 d\u00e9ploy\u00e9 le 2018-06-22 au Barkley Canyon Axis . Barkley Canyon Axis est situ\u00e9 dans Barkley Canyon, o\u00f9 les processus benthiques, la biodiversit\u00e9 et la dynamique des s\u00e9diments sont observ\u00e9s. Cet instrument est un Conductivit\u00e9/Temp\u00e9rature/Profondeur. Conductivit\u00e9 Temp\u00e9rature Profondeur (CTD) est un nom abr\u00e9g\u00e9 pour un ensemble d'instruments qui contient des capteurs permettant de mesurer la conductivit\u00e9, la temp\u00e9rature et la pression de l'eau de mer. La salinit\u00e9, la vitesse du son, la profondeur et la densit\u00e9 sont des variables qui peuvent \u00eatre d\u00e9riv\u00e9es des mesures par capteurs. Les CTD peuvent transporter d'autres instruments et capteurs, comme des capteurs d'oxyg\u00e8ne, des capteurs de turbidit\u00e9 et des fluorom\u00e8tres. Il a \u00e9t\u00e9 deploy\u00e9 sur une plateforme fixe. Les donn\u00e9es de ce d\u00e9ploiement sont archiv\u00e9es et accessibles sur l\u2019infrastructure num\u00e9rique Oceans 3.0 du R\u00e9seau Canadien des Oc\u00e9ans (ONC), avec assurance de la qualit\u00e9 et produits d\u00e9riv\u00e9s selon les conventions \u00e9tablies.",data/raw/onc_erddap/scalar_1200145,data/raw/onc_erddap/scalar_1200145/source.nc,data/raw/onc_erddap/scalar_1200145/source.header.txt,https://dap.oceannetworks.ca/erddap/tabledap/scalar_1200145.dds,2018-06-22T12:57:44Z,2020-03-10T13:53:26Z
scalar_1206556,public,Ocean Networks Canada Society,table,TimeSeries,EDDTableFromDatabase,Barkley Canyon Axis Conductivity Temperature Depth Deployed 2020-03-10 | Barkley Canyon Axis  Conductivit\u00e9/Temp\u00e9rature/Profondeur d\u00e9ploy\u00e9 2020-03-10,-126.050738,-126.050738,NaN,48.31664,48.31664,NaN,-983.0,-983.0,2020-03-10T14:05:59Z,2021-03-27T23:41:01Z,NaN,,,https://dap.oceannetworks.ca/erddap/tabledap/scalar_1206556,https://dap.oceannetworks.ca/erddap/tabledap/scalar_1206556.graph,,,,,https://dap.oceannetworks.ca/erddap/metadata/fgdc/xml/scalar_1206556_fgdc.xml,https://dap.oceannetworks.ca/erddap/metadata/iso19115/xml/scalar_1206556_iso19115.xml,https://dap.oceannetworks.ca/erddap/info/scalar_1206556/index,(source database),https://oceannetworks.ca,https://dap.oceannetworks.ca/erddap/rss/scalar_1206556.rss,https://dap.oceannetworks.ca/erddap/subscriptions/add.html?datasetID=scalar_1206556&showErrors=false&email=,,NaN,"abstract: English = The Sea-Bird SeaCAT SBE19plus V2 7031 was deployed on 2020-03-10 at Barkley Canyon Axis. Barkley Canyon Axis is located within Barkley Canyon, where benthic processes, biodiversity, sediment dynamics are observed. This device is a Conductivity Temperature Depth. Conductivity Temperature Depth (CTD) is an instrument package that contains sensors for measuring the conductivity, temperature, and pressure of seawater. Salinity, sound velocity, depth and density are variables that can be derived from sensor measurements. CTDs can carry additional instruments and sensors such as oxygen sensors, turbidity sensors and fluorometers. It was deployed on a fixed platform. Data from this deployment were archived and made available through Ocean Networks Canada's Oceans 3.0 digital infrastructure, with quality assurance and derived data products following established practices., abstract: French = Ce Sea-Bird SeaCAT SBE19plus V2 7031 a \u00e9t\u00e9 d\u00e9ploy\u00e9 le 2020-03-10 au Barkley Canyon Axis . Barkley Canyon Axis est situ\u00e9 dans Barkley Canyon, o\u00f9 les processus benthiques, la biodiversit\u00e9 et la dynamique des s\u00e9diments sont observ\u00e9s. Cet instrument est un Conductivit\u00e9/Temp\u00e9rature/Profondeur. Conductivit\u00e9 Temp\u00e9rature Profondeur (CTD) est un nom abr\u00e9g\u00e9 pour un ensemble d'instruments qui contient des capteurs permettant de mesurer la conductivit\u00e9, la temp\u00e9rature et la pression de l'eau de mer. La salinit\u00e9, la vitesse du son, la profondeur et la densit\u00e9 sont des variables qui peuvent \u00eatre d\u00e9riv\u00e9es des mesures par capteurs. Les CTD peuvent transporter d'autres instruments et capteurs, comme des capteurs d'oxyg\u00e8ne, des capteurs de turbidit\u00e9 et des fluorom\u00e8tres. Il a \u00e9t\u00e9 deploy\u00e9 sur une plateforme fixe. Les donn\u00e9es de ce d\u00e9ploiement sont archiv\u00e9es et accessibles sur l\u2019infrastructure num\u00e9rique Oceans 3.0 du R\u00e9seau Canadien des Oc\u00e9ans (ONC), avec assurance de la qualit\u00e9 et produits d\u00e9riv\u00e9s selon les conventions \u00e9tablies.",data/raw/onc_erddap/scalar_1206556,data/raw/onc_erddap/scalar_1206556/source.nc,data/raw/onc_erddap/scalar_1206556/source.header.txt,https://dap.oceannetworks.ca/erddap/tabledap/scalar_1206556.dds,2020-03-10T14:05:59Z,2021-03-27T23:41:01Z
scalar_1209192,public,Ocean Networks Canada Society,table,TimeSeries,EDDTableFromDatabase,Barkley Canyon Axis Conductivity Temperature Depth Deployed 2021-03-27 | Barkley Canyon Axis  Conductivit\u00e9/Temp\u00e9rature/Profondeur d\u00e9ploy\u00e9 2021-03-27,-126.05043797,-126.05043797,NaN,48.316606,48.316606,NaN,-984.0,-984.0,2021-03-27T23:12:11Z,2021-08-21T00:16:58Z,NaN,,,https://dap.oceannetworks.ca/erddap/tabledap/scalar_1209192,https://dap.oceannetworks.ca/erddap/tabledap/scalar_1209192.graph,,,,,https://dap.oceannetworks.ca/erddap/metadata/fgdc/xml/scalar_1209192_fgdc.xml,https://dap.oceannetworks.ca/erddap/metadata/iso19115/xml/scalar_1209192_iso19115.xml,https://dap.oceannetworks.ca/erddap/info/scalar_1209192/index,(source database),https://oceannetworks.ca,https://dap.oceannetworks.ca/erddap/rss/scalar_1209192.rss,https://dap.oceannetworks.ca/erddap/subscriptions/add.html?datasetID=scalar_1209192&showErrors=false&email=,,NaN,"abstract: English = The Sea-Bird SeaCAT SBE19plus V2 7027 was deployed on 2021-03-27 at Barkley Canyon Axis. Barkley Canyon Axis is located within Barkley Canyon, where benthic processes, biodiversity, sediment dynamics are observed. This device is a Conductivity Temperature Depth. Conductivity Temperature Depth (CTD) is an instrument package that contains sensors for measuring the conductivity, temperature, and pressure of seawater. Salinity, sound velocity, depth and density are variables that can be derived from sensor measurements. CTDs can carry additional instruments and sensors such as oxygen sensors, turbidity sensors and fluorometers. It was deployed on a fixed platform. Data from this deployment were archived and made available through Ocean Networks Canada's Oceans 3.0 digital infrastructure, with quality assurance and derived data products following established practices., abstract: French = Ce Sea-Bird SeaCAT SBE19plus V2 7027 a \u00e9t\u00e9 d\u00e9ploy\u00e9 le 2021-03-27 au Barkley Canyon Axis . Barkley Canyon Axis est situ\u00e9 dans Barkley Canyon, o\u00f9 les processus benthiques, la biodiversit\u00e9 et la dynamique des s\u00e9diments sont observ\u00e9s. Cet instrument est un Conductivit\u00e9/Temp\u00e9rature/Profondeur. Conductivit\u00e9 Temp\u00e9rature Profondeur (CTD) est un nom abr\u00e9g\u00e9 pour un ensemble d'instruments qui contient des capteurs permettant de mesurer la conductivit\u00e9, la temp\u00e9rature et la pression de l'eau de mer. La salinit\u00e9, la vitesse du son, la profondeur et la densit\u00e9 sont des variables qui peuvent \u00eatre d\u00e9riv\u00e9es des mesures par capteurs. Les CTD peuvent transporter d'autres instruments et capteurs, comme des capteurs d'oxyg\u00e8ne, des capteurs de turbidit\u00e9 et des fluorom\u00e8tres. Il a \u00e9t\u00e9 deploy\u00e9 sur une plateforme fixe. Les donn\u00e9es de ce d\u00e9ploiement sont archiv\u00e9es et accessibles sur l\u2019infrastructure num\u00e9rique Oceans 3.0 du R\u00e9seau Canadien des Oc\u00e9ans (ONC), avec assurance de la qualit\u00e9 et produits d\u00e9riv\u00e9s selon les conventions \u00e9tablies.",data/raw/onc_erddap/scalar_1209192,data/raw/onc_erddap/scalar_1209192/source.nc,data/raw/onc_erddap/scalar_1209192/source.header.txt,https://dap.oceannetworks.ca/erddap/tabledap/scalar_1209192.dds,2021-03-27T23:12:11Z,2021-08-21T00:16:58Z
scalar_1210110,public,Ocean Networks Canada Society,table,TimeSeries,EDDTableFromDatabase,Barkley Canyon Axis Conductivity Temperature Depth Deployed 2021-08-21 | Barkley Canyon Axis  Conductivit\u00e9/Temp\u00e9rature/Profondeur d\u00e9ploy\u00e9 2021-08-21,-126.05067407,-126.05067407,NaN,48.31663518,48.31663518,NaN,-983.0,-983.0,2021-08-21T00:21:48Z,2024-06-25T08:46:36Z,NaN,,,https://dap.oceannetworks.ca/erddap/tabledap/scalar_1210110,https://dap.oceannetworks.ca/erddap/tabledap/scalar_1210110.graph,,,,,https://dap.oceannetworks.ca/erddap/metadata/fgdc/xml/scalar_1210110_fgdc.xml,https://dap.oceannetworks.ca/erddap/metadata/iso19115/xml/scalar_1210110_iso19115.xml,https://dap.oceannetworks.ca/erddap/info/scalar_1210110/index,(source database),https://oceannetworks.ca,https://dap.oceannetworks.ca/erddap/rss/scalar_1210110.rss,https://dap.oceannetworks.ca/erddap/subscriptions/add.html?datasetID=scalar_1210110&showErrors=false&email=,,NaN,"abstract: English = The Sea-Bird SeaCAT SBE19plus V2 7027 was deployed on 2021-08-21 at Barkley Canyon Axis. Barkley Canyon Axis is located within Barkley Canyon, where benthic processes, biodiversity, sediment dynamics are observed. This device is a Conductivity Temperature Depth. Conductivity Temperature Depth (CTD) is an instrument package that contains sensors for measuring the conductivity, temperature, and pressure of seawater. Salinity, sound velocity, depth and density are variables that can be derived from sensor measurements. CTDs can carry additional instruments and sensors such as oxygen sensors, turbidity sensors and fluorometers. It was deployed on a fixed platform. Data from this deployment were archived and made available through Ocean Networks Canada's Oceans 3.0 digital infrastructure, with quality assurance and derived data products following established practices., abstract: French = Ce Sea-Bird SeaCAT SBE19plus V2 7027 a \u00e9t\u00e9 d\u00e9ploy\u00e9 le 2021-08-21 au Barkley Canyon Axis . Barkley Canyon Axis est situ\u00e9 dans Barkley Canyon, o\u00f9 les processus benthiques, la biodiversit\u00e9 et la dynamique des s\u00e9diments sont observ\u00e9s. Cet instrument est un Conductivit\u00e9/Temp\u00e9rature/Profondeur. Conductivit\u00e9 Temp\u00e9rature Profondeur (CTD) est un nom abr\u00e9g\u00e9 pour un ensemble d'instruments qui contient des capteurs permettant de mesurer la conductivit\u00e9, la temp\u00e9rature et la pression de l'eau de mer. La salinit\u00e9, la vitesse du son, la profondeur et la densit\u00e9 sont des variables qui peuvent \u00eatre d\u00e9riv\u00e9es des mesures par capteurs. Les CTD peuvent transporter d'autres instruments et capteurs, comme des capteurs d'oxyg\u00e8ne, des capteurs de turbidit\u00e9 et des fluorom\u00e8tres. Il a \u00e9t\u00e9 deploy\u00e9 sur une plateforme fixe. Les donn\u00e9es de ce d\u00e9ploiement sont archiv\u00e9es et accessibles sur l\u2019infrastructure num\u00e9rique Oceans 3.0 du R\u00e9seau Canadien des Oc\u00e9ans (ONC), avec assurance de la qualit\u00e9 et produits d\u00e9riv\u00e9s selon les conventions \u00e9tablies.",data/raw/onc_erddap/scalar_1210110,data/raw/onc_erddap/scalar_1210110/source.nc,data/raw/onc_erddap/scalar_1210110/source.header.txt,https://dap.oceannetworks.ca/erddap/tabledap/scalar_1210110.dds,2021-08-21T00:21:48Z,2024-06-25T08:46:36Z
scalar_1215711,public,Ocean Networks Canada Society,table,TimeSeries,EDDTableFromDatabase,Barkley Canyon Axis Conductivity Temperature Depth Deployed 2024-06-25 | Barkley Canyon Axis  Conductivit\u00e9/Temp\u00e9rature/Profondeur d\u00e9ploy\u00e9 2024-06-25,-126.05067407,-126.05067407,NaN,48.31663518,48.31663518,NaN,-983.0,-983.0,2024-06-25T09:33:30Z,,NaN,,,https://dap.oceannetworks.ca/erddap/tabledap/scalar_1215711,https://dap.oceannetworks.ca/erddap/tabledap/scalar_1215711.graph,,,,,https://dap.oceannetworks.ca/erddap/metadata/fgdc/xml/scalar_1215711_fgdc.xml,https://dap.oceannetworks.ca/erddap/metadata/iso19115/xml/scalar_1215711_iso19115.xml,https://dap.oceannetworks.ca/erddap/info/scalar_1215711/index,(source database),https://oceannetworks.ca,https://dap.oceannetworks.ca/erddap/rss/scalar_1215711.rss,https://dap.oceannetworks.ca/erddap/subscriptions/add.html?datasetID=scalar_1215711&showErrors=false&email=,,NaN,"abstract: English = The Sea-Bird SeaCAT SBE19plus V2 6002 was deployed on 2024-06-25 at Barkley Canyon Axis. Barkley Canyon Axis is located within Barkley Canyon, where benthic processes, biodiversity, sediment dynamics are observed. This device is a Conductivity Temperature Depth. Conductivity Temperature Depth (CTD) is an instrument package that contains sensors for measuring the conductivity, temperature, and pressure of seawater. Salinity, sound velocity, depth and density are variables that can be derived from sensor measurements. CTDs can carry additional instruments and sensors such as oxygen sensors, turbidity sensors and fluorometers. It was deployed on a fixed platform. Data from this deployment were archived and made available through Ocean Networks Canada's Oceans 3.0 digital infrastructure, with quality assurance and derived data products following established practices., abstract: French = Ce Sea-Bird SeaCAT SBE19plus V2 6002 a \u00e9t\u00e9 d\u00e9ploy\u00e9 le 2024-06-25 au Barkley Canyon Axis . Barkley Canyon Axis est situ\u00e9 dans Barkley Canyon, o\u00f9 les processus benthiques, la biodiversit\u00e9 et la dynamique des s\u00e9diments sont observ\u00e9s. Cet instrument est un Conductivit\u00e9/Temp\u00e9rature/Profondeur. Conductivit\u00e9 Temp\u00e9rature Profondeur (CTD) est un nom abr\u00e9g\u00e9 pour un ensemble d'instruments qui contient des capteurs permettant de mesurer la conductivit\u00e9, la temp\u00e9rature et la pression de l'eau de mer. La salinit\u00e9, la vitesse du son, la profondeur et la densit\u00e9 sont des variables qui peuvent \u00eatre d\u00e9riv\u00e9es des mesures par capteurs. Les CTD peuvent transporter d'autres instruments et capteurs, comme des capteurs d'oxyg\u00e8ne, des capteurs de turbidit\u00e9 et des fluorom\u00e8tres. Il a \u00e9t\u00e9 deploy\u00e9 sur une plateforme fixe. Les donn\u00e9es de ce d\u00e9ploiement sont archiv\u00e9es et accessibles sur l\u2019infrastructure num\u00e9rique Oceans 3.0 du R\u00e9seau Canadien des Oc\u00e9ans (ONC), avec assurance de la qualit\u00e9 et produits d\u00e9riv\u00e9s selon les conventions \u00e9tablies.",data/raw/onc_erddap/scalar_1215711,data/raw/onc_erddap/scalar_1215711/source.nc,data/raw/onc_erddap/scalar_1215711/source.header.txt,https://dap.oceannetworks.ca/erddap/tabledap/scalar_1215711.dds,2024-06-25T09:33:30Z,
scalar_1194361,public,Ocean Networks Canada Society,table,TimeSeries,EDDTableFromDatabase,Barkley Canyon Axis Fluorometer Turbidity Deployed 2016-06-14 | Barkley Canyon Axis  Fluorim\u00e8tre et Turbidit\u00e9 d\u00e9ploy\u00e9 2016-06-14,-126.050796,-126.050796,NaN,48.316583,48.316583,NaN,-982.0,-982.0,2016-06-14T08:58:41Z,2018-06-22T10:46:49Z,NaN,,,https://dap.oceannetworks.ca/erddap/tabledap/scalar_1194361,https://dap.oceannetworks.ca/erddap/tabledap/scalar_1194361.graph,,,,,https://dap.oceannetworks.ca/erddap/metadata/fgdc/xml/scalar_1194361_fgdc.xml,https://dap.oceannetworks.ca/erddap/metadata/iso19115/xml/scalar_1194361_iso19115.xml,https://dap.oceannetworks.ca/erddap/info/scalar_1194361/index,(source database),https://oceannetworks.ca,https://dap.oceannetworks.ca/erddap/rss/scalar_1194361.rss,https://dap.oceannetworks.ca/erddap/subscriptions/add.html?datasetID=scalar_1194361&showErrors=false&email=,,NaN,"abstract: English = The WET Labs ECO FLNTURTD 1087 was deployed on 2016-06-14 at Barkley Canyon Axis. Barkley Canyon Axis is located within Barkley Canyon, where benthic processes, biodiversity, sediment dynamics are observed. This device is a Fluorometer Turbidity. Fluorometer Turbidity instruments measure chlorophyll fluorescence and turbidity within the same volume of seawater. The instrument uses a light emitting diode (LED) to provide an excitation source. The fluoresced light is received by a detector at a particular angle from the LED source, and uses an interference filter to discriminate against scattered excitation light. Turbidity is measured at the same time, by detecting scattered light from a LED, which is positioned at the same angle as the chlorophyll fluorescence. It was deployed on a fixed platform. Data from this deployment were archived and made available through Ocean Networks Canada's Oceans 3.0 digital infrastructure, with quality assurance and derived data products following established practices., abstract: French = Ce WET Labs ECO FLNTURTD 1087 a \u00e9t\u00e9 d\u00e9ploy\u00e9 le 2016-06-14 au Barkley Canyon Axis . Barkley Canyon Axis est situ\u00e9 dans Barkley Canyon, o\u00f9 les processus benthiques, la biodiversit\u00e9 et la dynamique des s\u00e9diments sont observ\u00e9s. Cet instrument est un Fluorim\u00e8tre et Turbidit\u00e9. Les instruments de fluorim\u00e8tre et turbidit\u00e9 (FLNTU) sont dot\u00e9s d'un capteur combin\u00e9 qui mesure la fluorescence et la turbidit\u00e9 de la chlorophylle dans le m\u00eame volume d'eau de mer. L'instrument utilise une diode \u00e9lectroluminescente (DEL) pour fournir une source d'excitation. La lumi\u00e8re fluorescente est re\u00e7ue par un d\u00e9tecteur \u00e0 un angle particulier \u00e0 partir de la source DEL et utilise un filtre d'interf\u00e9rence pour distinguer la lumi\u00e8re d'excitation dispers\u00e9e. La turbidit\u00e9 est mesur\u00e9e en m\u00eame temps, en d\u00e9tectant la lumi\u00e8re diffus\u00e9e \u00e0 partir d'une DEL, qui est positionn\u00e9e au m\u00eame angle que la fluorescence chlorophylle. Il a \u00e9t\u00e9 deploy\u00e9 sur une plateforme fixe. Les donn\u00e9es de ce d\u00e9ploiement sont archiv\u00e9es et accessibles sur l\u2019infrastructure num\u00e9rique Oceans 3.0 du R\u00e9seau Canadien des Oc\u00e9ans (ONC), avec assurance de la qualit\u00e9 et produits d\u00e9riv\u00e9s selon les conventions \u00e9tablies.",data/raw/onc_erddap/scalar_1194361,data/raw/onc_erddap/scalar_1194361/source.nc,data/raw/onc_erddap/scalar_1194361/source.header.txt,https://dap.oceannetworks.ca/erddap/tabledap/scalar_1194361.dds,2016-06-14T08:58:41Z,2018-06-22T10:46:49Z
scalar_1200147,public,Ocean Networks Canada Society,table,TimeSeries,EDDTableFromDatabase,Barkley Canyon Axis Fluorometer Turbidity Deployed 2018-06-22 | Barkley Canyon Axis  Fluorim\u00e8tre et Turbidit\u00e9 d\u00e9ploy\u00e9 2018-06-22,-126.050738,-126.050738,NaN,48.31664,48.31664,NaN,-983.0,-983.0,2018-06-22T12:57:44Z,2020-03-10T13:53:26Z,NaN,,,https://dap.oceannetworks.ca/erddap/tabledap/scalar_1200147,https://dap.oceannetworks.ca/erddap/tabledap/scalar_1200147.graph,,,,,https://dap.oceannetworks.ca/erddap/metadata/fgdc/xml/scalar_1200147_fgdc.xml,https://dap.oceannetworks.ca/erddap/metadata/iso19115/xml/scalar_1200147_iso19115.xml,https://dap.oceannetworks.ca/erddap/info/scalar_1200147/index,(source database),https://oceannetworks.ca,https://dap.oceannetworks.ca/erddap/rss/scalar_1200147.rss,https://dap.oceannetworks.ca/erddap/subscriptions/add.html?datasetID=scalar_1200147&showErrors=false&email=,,NaN,"abstract: English = The WET Labs ECO FLNTURTD 2973 was deployed on 2018-06-22 at Barkley Canyon Axis. Barkley Canyon Axis is located within Barkley Canyon, where benthic processes, biodiversity, sediment dynamics are observed. This device is a Fluorometer Turbidity. Fluorometer Turbidity instruments measure chlorophyll fluorescence and turbidity within the same volume of seawater. The instrument uses a light emitting diode (LED) to provide an excitation source. The fluoresced light is received by a detector at a particular angle from the LED source, and uses an interference filter to discriminate against scattered excitation light. Turbidity is measured at the same time, by detecting scattered light from a LED, which is positioned at the same angle as the chlorophyll fluorescence. It was deployed on a fixed platform. Data from this deployment were archived and made available through Ocean Networks Canada's Oceans 3.0 digital infrastructure, with quality assurance and derived data products following established practices., abstract: French = Ce WET Labs ECO FLNTURTD 2973 a \u00e9t\u00e9 d\u00e9ploy\u00e9 le 2018-06-22 au Barkley Canyon Axis . Barkley Canyon Axis est situ\u00e9 dans Barkley Canyon, o\u00f9 les processus benthiques, la biodiversit\u00e9 et la dynamique des s\u00e9diments sont observ\u00e9s. Cet instrument est un Fluorim\u00e8tre et Turbidit\u00e9. Les instruments de fluorim\u00e8tre et turbidit\u00e9 (FLNTU) sont dot\u00e9s d'un capteur combin\u00e9 qui mesure la fluorescence et la turbidit\u00e9 de la chlorophylle dans le m\u00eame volume d'eau de mer. L'instrument utilise une diode \u00e9lectroluminescente (DEL) pour fournir une source d'excitation. La lumi\u00e8re fluorescente est re\u00e7ue par un d\u00e9tecteur \u00e0 un angle particulier \u00e0 partir de la source DEL et utilise un filtre d'interf\u00e9rence pour distinguer la lumi\u00e8re d'excitation dispers\u00e9e. La turbidit\u00e9 est mesur\u00e9e en m\u00eame temps, en d\u00e9tectant la lumi\u00e8re diffus\u00e9e \u00e0 partir d'une DEL, qui est positionn\u00e9e au m\u00eame angle que la fluorescence chlorophylle. Il a \u00e9t\u00e9 deploy\u00e9 sur une plateforme fixe. Les donn\u00e9es de ce d\u00e9ploiement sont archiv\u00e9es et accessibles sur l\u2019infrastructure num\u00e9rique Oceans 3.0 du R\u00e9seau Canadien des Oc\u00e9ans (ONC), avec assurance de la qualit\u00e9 et produits d\u00e9riv\u00e9s selon les conventions \u00e9tablies.",data/raw/onc_erddap/scalar_1200147,data/raw/onc_erddap/scalar_1200147/source.nc,data/raw/onc_erddap/scalar_1200147/source.header.txt,https://dap.oceannetworks.ca/erddap/tabledap/scalar_1200147.dds,2018-06-22T12:57:44Z,2020-03-10T13:53:26Z
scalar_1206562,public,Ocean Networks Canada Society,table,TimeSeries,EDDTableFromDatabase,Barkley Canyon Axis Fluorometer Turbidity Deployed 2020-03-10 | Barkley Canyon Axis  Fluorim\u00e8tre et Turbidit\u00e9 d\u00e9ploy\u00e9 2020-03-10,-126.050738,-126.050738,NaN,48.31664,48.31664,NaN,-983.0,-983.0,2020-03-10T14:05:59Z,2021-03-27T23:41:01Z,NaN,,,https://dap.oceannetworks.ca/erddap/tabledap/scalar_1206562,https://dap.oceannetworks.ca/erddap/tabledap/scalar_1206562.graph,,,,,https://dap.oceannetworks.ca/erddap/metadata/fgdc/xml/scalar_1206562_fgdc.xml,https://dap.oceannetworks.ca/erddap/metadata/iso19115/xml/scalar_1206562_iso19115.xml,https://dap.oceannetworks.ca/erddap/info/scalar_1206562/index,(source database),https://oceannetworks.ca,https://dap.oceannetworks.ca/erddap/rss/scalar_1206562.rss,https://dap.oceannetworks.ca/erddap/subscriptions/add.html?datasetID=scalar_1206562&showErrors=false&email=,,NaN,"abstract: English = The WET Labs ECO FLNTURTD 1087 was deployed on 2020-03-10 at Barkley Canyon Axis. Barkley Canyon Axis is located within Barkley Canyon, where benthic processes, biodiversity, sediment dynamics are observed. This device is a Fluorometer Turbidity. Fluorometer Turbidity instruments measure chlorophyll fluorescence and turbidity within the same volume of seawater. The instrument uses a light emitting diode (LED) to provide an excitation source. The fluoresced light is received by a detector at a particular angle from the LED source, and uses an interference filter to discriminate against scattered excitation light. Turbidity is measured at the same time, by detecting scattered light from a LED, which is positioned at the same angle as the chlorophyll fluorescence. It was deployed on a fixed platform. Data from this deployment were archived and made available through Ocean Networks Canada's Oceans 3.0 digital infrastructure, with quality assurance and derived data products following established practices., abstract: French = Ce WET Labs ECO FLNTURTD 1087 a \u00e9t\u00e9 d\u00e9ploy\u00e9 le 2020-03-10 au Barkley Canyon Axis . Barkley Canyon Axis est situ\u00e9 dans Barkley Canyon, o\u00f9 les processus benthiques, la biodiversit\u00e9 et la dynamique des s\u00e9diments sont observ\u00e9s. Cet instrument est un Fluorim\u00e8tre et Turbidit\u00e9. Les instruments de fluorim\u00e8tre et turbidit\u00e9 (FLNTU) sont dot\u00e9s d'un capteur combin\u00e9 qui mesure la fluorescence et la turbidit\u00e9 de la chlorophylle dans le m\u00eame volume d'eau de mer. L'instrument utilise une diode \u00e9lectroluminescente (DEL) pour fournir une source d'excitation. La lumi\u00e8re fluorescente est re\u00e7ue par un d\u00e9tecteur \u00e0 un angle particulier \u00e0 partir de la source DEL et utilise un filtre d'interf\u00e9rence pour distinguer la lumi\u00e8re d'excitation dispers\u00e9e. La turbidit\u00e9 est mesur\u00e9e en m\u00eame temps, en d\u00e9tectant la lumi\u00e8re diffus\u00e9e \u00e0 partir d'une DEL, qui est positionn\u00e9e au m\u00eame angle que la fluorescence chlorophylle. Il a \u00e9t\u00e9 deploy\u00e9 sur une plateforme fixe. Les donn\u00e9es de ce d\u00e9ploiement sont archiv\u00e9es et accessibles sur l\u2019infrastructure num\u00e9rique Oceans 3.0 du R\u00e9seau Canadien des Oc\u00e9ans (ONC), avec assurance de la qualit\u00e9 et produits d\u00e9riv\u00e9s selon les conventions \u00e9tablies.",data/raw/onc_erddap/scalar_1206562,data/raw/onc_erddap/scalar_1206562/source.nc,data/raw/onc_erddap/scalar_1206562/source.header.txt,https://dap.oceannetworks.ca/erddap/tabledap/scalar_1206562.dds,2020-03-10T14:05:59Z,2021-03-27T23:41:01Z
scalar_1209194,public,Ocean Networks Canada Society,table,TimeSeries,EDDTableFromDatabase,Barkley Canyon Axis Fluorometer Turbidity Deployed 2021-03-27 | Barkley Canyon Axis  Fluorim\u00e8tre et Turbidit\u00e9 d\u00e9ploy\u00e9 2021-03-27,-126.05043797,-126.05043797,NaN,48.316606,48.316606,NaN,-984.0,-984.0,2021-03-27T23:12:11Z,2021-08-21T00:16:58Z,NaN,,,https://dap.oceannetworks.ca/erddap/tabledap/scalar_1209194,https://dap.oceannetworks.ca/erddap/tabledap/scalar_1209194.graph,,,,,https://dap.oceannetworks.ca/erddap/metadata/fgdc/xml/scalar_1209194_fgdc.xml,https://dap.oceannetworks.ca/erddap/metadata/iso19115/xml/scalar_1209194_iso19115.xml,https://dap.oceannetworks.ca/erddap/info/scalar_1209194/index,(source database),https://oceannetworks.ca,https://dap.oceannetworks.ca/erddap/rss/scalar_1209194.rss,https://dap.oceannetworks.ca/erddap/subscriptions/add.html?datasetID=scalar_1209194&showErrors=false&email=,,NaN,"abstract: English = The WET Labs ECO FLNTURTD 5069 was deployed on 2021-03-27 at Barkley Canyon Axis. Barkley Canyon Axis is located within Barkley Canyon, where benthic processes, biodiversity, sediment dynamics are observed. This device is a Fluorometer Turbidity. Fluorometer Turbidity instruments measure chlorophyll fluorescence and turbidity within the same volume of seawater. The instrument uses a light emitting diode (LED) to provide an excitation source. The fluoresced light is received by a detector at a particular angle from the LED source, and uses an interference filter to discriminate against scattered excitation light. Turbidity is measured at the same time, by detecting scattered light from a LED, which is positioned at the same angle as the chlorophyll fluorescence. It was deployed on a fixed platform. Data from this deployment were archived and made available through Ocean Networks Canada's Oceans 3.0 digital infrastructure, with quality assurance and derived data products following established practices., abstract: French = Ce WET Labs ECO FLNTURTD 5069 a \u00e9t\u00e9 d\u00e9ploy\u00e9 le 2021-03-27 au Barkley Canyon Axis . Barkley Canyon Axis est situ\u00e9 dans Barkley Canyon, o\u00f9 les processus benthiques, la biodiversit\u00e9 et la dynamique des s\u00e9diments sont observ\u00e9s. Cet instrument est un Fluorim\u00e8tre et Turbidit\u00e9. Les instruments de fluorim\u00e8tre et turbidit\u00e9 (FLNTU) sont dot\u00e9s d'un capteur combin\u00e9 qui mesure la fluorescence et la turbidit\u00e9 de la chlorophylle dans le m\u00eame volume d'eau de mer. L'instrument utilise une diode \u00e9lectroluminescente (DEL) pour fournir une source d'excitation. La lumi\u00e8re fluorescente est re\u00e7ue par un d\u00e9tecteur \u00e0 un angle particulier \u00e0 partir de la source DEL et utilise un filtre d'interf\u00e9rence pour distinguer la lumi\u00e8re d'excitation dispers\u00e9e. La turbidit\u00e9 est mesur\u00e9e en m\u00eame temps, en d\u00e9tectant la lumi\u00e8re diffus\u00e9e \u00e0 partir d'une DEL, qui est positionn\u00e9e au m\u00eame angle que la fluorescence chlorophylle. Il a \u00e9t\u00e9 deploy\u00e9 sur une plateforme fixe. Les donn\u00e9es de ce d\u00e9ploiement sont archiv\u00e9es et accessibles sur l\u2019infrastructure num\u00e9rique Oceans 3.0 du R\u00e9seau Canadien des Oc\u00e9ans (ONC), avec assurance de la qualit\u00e9 et produits d\u00e9riv\u00e9s selon les conventions \u00e9tablies.",data/raw/onc_erddap/scalar_1209194,data/raw/onc_erddap/scalar_1209194/source.nc,data/raw/onc_erddap/scalar_1209194/source.header.txt,https://dap.oceannetworks.ca/erddap/tabledap/scalar_1209194.dds,2021-03-27T23:12:11Z,2021-08-21T00:16:58Z
scalar_1210112,public,Ocean Networks Canada Society,table,TimeSeries,EDDTableFromDatabase,Barkley Canyon Axis Fluorometer Turbidity Deployed 2021-08-21 | Barkley Canyon Axis  Fluorim\u00e8tre et Turbidit\u00e9 d\u00e9ploy\u00e9 2021-08-21,-126.05067407,-126.05067407,NaN,48.31663518,48.31663518,NaN,-983.0,-983.0,2021-08-21T00:21:48Z,2024-06-25T08:46:36Z,NaN,,,https://dap.oceannetworks.ca/erddap/tabledap/scalar_1210112,https://dap.oceannetworks.ca/erddap/tabledap/scalar_1210112.graph,,,,,https://dap.oceannetworks.ca/erddap/metadata/fgdc/xml/scalar_1210112_fgdc.xml,https://dap.oceannetworks.ca/erddap/metadata/iso19115/xml/scalar_1210112_iso19115.xml,https://dap.oceannetworks.ca/erddap/info/scalar_1210112/index,(source database),https://oceannetworks.ca,https://dap.oceannetworks.ca/erddap/rss/scalar_1210112.rss,https://dap.oceannetworks.ca/erddap/subscriptions/add.html?datasetID=scalar_1210112&showErrors=false&email=,,NaN,"abstract: English = The WET Labs ECO FLNTURTD 5069 was deployed on 2021-08-21 at Barkley Canyon Axis. Barkley Canyon Axis is located within Barkley Canyon, where benthic processes, biodiversity, sediment dynamics are observed. This device is a Fluorometer Turbidity. Fluorometer Turbidity instruments measure chlorophyll fluorescence and turbidity within the same volume of seawater. The instrument uses a light emitting diode (LED) to provide an excitation source. The fluoresced light is received by a detector at a particular angle from the LED source, and uses an interference filter to discriminate against scattered excitation light. Turbidity is measured at the same time, by detecting scattered light from a LED, which is positioned at the same angle as the chlorophyll fluorescence. It was deployed on a fixed platform. Data from this deployment were archived and made available through Ocean Networks Canada's Oceans 3.0 digital infrastructure, with quality assurance and derived data products following established practices., abstract: French = Ce WET Labs ECO FLNTURTD 5069 a \u00e9t\u00e9 d\u00e9ploy\u00e9 le 2021-08-21 au Barkley Canyon Axis . Barkley Canyon Axis est situ\u00e9 dans Barkley Canyon, o\u00f9 les processus benthiques, la biodiversit\u00e9 et la dynamique des s\u00e9diments sont observ\u00e9s. Cet instrument est un Fluorim\u00e8tre et Turbidit\u00e9. Les instruments de fluorim\u00e8tre et turbidit\u00e9 (FLNTU) sont dot\u00e9s d'un capteur combin\u00e9 qui mesure la fluorescence et la turbidit\u00e9 de la chlorophylle dans le m\u00eame volume d'eau de mer. L'instrument utilise une diode \u00e9lectroluminescente (DEL) pour fournir une source d'excitation. La lumi\u00e8re fluorescente est re\u00e7ue par un d\u00e9tecteur \u00e0 un angle particulier \u00e0 partir de la source DEL et utilise un filtre d'interf\u00e9rence pour distinguer la lumi\u00e8re d'excitation dispers\u00e9e. La turbidit\u00e9 est mesur\u00e9e en m\u00eame temps, en d\u00e9tectant la lumi\u00e8re diffus\u00e9e \u00e0 partir d'une DEL, qui est positionn\u00e9e au m\u00eame angle que la fluorescence chlorophylle. Il a \u00e9t\u00e9 deploy\u00e9 sur une plateforme fixe. Les donn\u00e9es de ce d\u00e9ploiement sont archiv\u00e9es et accessibles sur l\u2019infrastructure num\u00e9rique Oceans 3.0 du R\u00e9seau Canadien des Oc\u00e9ans (ONC), avec assurance de la qualit\u00e9 et produits d\u00e9riv\u00e9s selon les conventions \u00e9tablies.",data/raw/onc_erddap/scalar_1210112,data/raw/onc_erddap/scalar_1210112/source.nc,data/raw/onc_erddap/scalar_1210112/source.header.txt,https://dap.oceannetworks.ca/erddap/tabledap/scalar_1210112.dds,2021-08-21T00:21:48Z,2024-06-25T08:46:36Z
scalar_1215713,public,Ocean Networks Canada Society,table,TimeSeries,EDDTableFromDatabase,Barkley Canyon Axis Fluorometer Turbidity Deployed 2024-06-25 | Barkley Canyon Axis  Fluorim\u00e8tre et Turbidit\u00e9 d\u00e9ploy\u00e9 2024-06-25,-126.05067407,-126.05067407,NaN,48.31663518,48.31663518,NaN,-983.0,-983.0,2024-06-25T09:33:30Z,,NaN,,,https://dap.oceannetworks.ca/erddap/tabledap/scalar_1215713,https://dap.oceannetworks.ca/erddap/tabledap/scalar_1215713.graph,,,,,https://dap.oceannetworks.ca/erddap/metadata/fgdc/xml/scalar_1215713_fgdc.xml,https://dap.oceannetworks.ca/erddap/metadata/iso19115/xml/scalar_1215713_iso19115.xml,https://dap.oceannetworks.ca/erddap/info/scalar_1215713/index,(source database),https://oceannetworks.ca,https://dap.oceannetworks.ca/erddap/rss/scalar_1215713.rss,https://dap.oceannetworks.ca/erddap/subscriptions/add.html?datasetID=scalar_1215713&showErrors=false&email=,,NaN,"abstract: English = The WET Labs ECO FLNTURTD 2973 was deployed on 2024-06-25 at Barkley Canyon Axis. Barkley Canyon Axis is located within Barkley Canyon, where benthic processes, biodiversity, sediment dynamics are observed. This device is a Fluorometer Turbidity. Fluorometer Turbidity instruments measure chlorophyll fluorescence and turbidity within the same volume of seawater. The instrument uses a light emitting diode (LED) to provide an excitation source. The fluoresced light is received by a detector at a particular angle from the LED source, and uses an interference filter to discriminate against scattered excitation light. Turbidity is measured at the same time, by detecting scattered light from a LED, which is positioned at the same angle as the chlorophyll fluorescence. It was deployed on a fixed platform. Data from this deployment were archived and made available through Ocean Networks Canada's Oceans 3.0 digital infrastructure, with quality assurance and derived data products following established practices., abstract: French = Ce WET Labs ECO FLNTURTD 2973 a \u00e9t\u00e9 d\u00e9ploy\u00e9 le 2024-06-25 au Barkley Canyon Axis . Barkley Canyon Axis est situ\u00e9 dans Barkley Canyon, o\u00f9 les processus benthiques, la biodiversit\u00e9 et la dynamique des s\u00e9diments sont observ\u00e9s. Cet instrument est un Fluorim\u00e8tre et Turbidit\u00e9. Les instruments de fluorim\u00e8tre et turbidit\u00e9 (FLNTU) sont dot\u00e9s d'un capteur combin\u00e9 qui mesure la fluorescence et la turbidit\u00e9 de la chlorophylle dans le m\u00eame volume d'eau de mer. L'instrument utilise une diode \u00e9lectroluminescente (DEL) pour fournir une source d'excitation. La lumi\u00e8re fluorescente est re\u00e7ue par un d\u00e9tecteur \u00e0 un angle particulier \u00e0 partir de la source DEL et utilise un filtre d'interf\u00e9rence pour distinguer la lumi\u00e8re d'excitation dispers\u00e9e. La turbidit\u00e9 est mesur\u00e9e en m\u00eame temps, en d\u00e9tectant la lumi\u00e8re diffus\u00e9e \u00e0 partir d'une DEL, qui est positionn\u00e9e au m\u00eame angle que la fluorescence chlorophylle. Il a \u00e9t\u00e9 deploy\u00e9 sur une plateforme fixe. Les donn\u00e9es de ce d\u00e9ploiement sont archiv\u00e9es et accessibles sur l\u2019infrastructure num\u00e9rique Oceans 3.0 du R\u00e9seau Canadien des Oc\u00e9ans (ONC), avec assurance de la qualit\u00e9 et produits d\u00e9riv\u00e9s selon les conventions \u00e9tablies.",data/raw/onc_erddap/scalar_1215713,data/raw/onc_erddap/scalar_1215713/source.nc,data/raw/onc_erddap/scalar_1215713/source.header.txt,https://dap.oceannetworks.ca/erddap/tabledap/scalar_1215713.dds,2024-06-25T09:33:30Z,
scalar_1189656,public,Ocean Networks Canada Society,table,TimeSeries,EDDTableFromDatabase,Barkley Canyon Axis Oxygen Sensor Deployed 2013-09-10 | Barkley Canyon Axis  Capteur d'Oxyg\u00e8ne d\u00e9ploy\u00e9 2013-09-10,-126.0502166667,-126.0502166667,NaN,48.3165166667,48.3165166667,NaN,-985.0,-985.0,2013-09-10T16:08:33Z,2014-05-05T18:08:36Z,NaN,,,https://dap.oceannetworks.ca/erddap/tabledap/scalar_1189656,https://dap.oceannetworks.ca/erddap/tabledap/scalar_1189656.graph,,,,,https://dap.oceannetworks.ca/erddap/metadata/fgdc/xml/scalar_1189656_fgdc.xml,https://dap.oceannetworks.ca/erddap/metadata/iso19115/xml/scalar_1189656_iso19115.xml,https://dap.oceannetworks.ca/erddap/info/scalar_1189656/index,(source database),https://oceannetworks.ca,https://dap.oceannetworks.ca/erddap/rss/scalar_1189656.rss,https://dap.oceannetworks.ca/erddap/subscriptions/add.html?datasetID=scalar_1189656&showErrors=false&email=,,NaN,"abstract: English = The Sea-Bird SBE 63 Dissolved Oxygen Sensor 630281 was deployed on 2013-09-10 at Barkley Canyon Axis. Barkley Canyon Axis is located within Barkley Canyon, where benthic processes, biodiversity, sediment dynamics are observed. This device is a Oxygen Sensor. Oxygen sensors measure dissolved oxygen concentration in seawater. It was deployed on a fixed platform. Data from this deployment were archived and made available through Ocean Networks Canada's Oceans 3.0 digital infrastructure, with quality assurance and derived data products following established practices., abstract: French = Ce Sea-Bird SBE 63 Dissolved Oxygen Sensor 630281 a \u00e9t\u00e9 d\u00e9ploy\u00e9 le 2013-09-10 au Barkley Canyon Axis . Barkley Canyon Axis est situ\u00e9 dans Barkley Canyon, o\u00f9 les processus benthiques, la biodiversit\u00e9 et la dynamique des s\u00e9diments sont observ\u00e9s. Cet instrument est un Capteur d'Oxyg\u00e8ne. Les capteurs d'oxyg\u00e8ne mesurent la concentration d'oxyg\u00e8ne dissous dans l'eau de mer. Il a \u00e9t\u00e9 deploy\u00e9 sur une plateforme fixe. Les donn\u00e9es de ce d\u00e9ploiement sont archiv\u00e9es et accessibles sur l\u2019infrastructure num\u00e9rique Oceans 3.0 du R\u00e9seau Canadien des Oc\u00e9ans (ONC), avec assurance de la qualit\u00e9 et produits d\u00e9riv\u00e9s selon les conventions \u00e9tablies.",data/raw/onc_erddap/scalar_1189656,data/raw/onc_erddap/scalar_1189656/source.nc,data/raw/onc_erddap/scalar_1189656/source.header.txt,https://dap.oceannetworks.ca/erddap/tabledap/scalar_1189656.dds,2013-09-10T16:08:33Z,2014-05-05T18:08:36Z
scalar_1190543,public,Ocean Networks Canada Society,table,TimeSeries,EDDTableFromDatabase,Barkley Canyon Axis Oxygen Sensor Deployed 2014-05-09 | Barkley Canyon Axis  Capteur d'Oxyg\u00e8ne d\u00e9ploy\u00e9 2014-05-09,-126.050796,-126.050796,NaN,48.316583,48.316583,NaN,-982.0,-982.0,2014-05-09T15:50:42Z,2015-09-17T12:59:52Z,NaN,,,https://dap.oceannetworks.ca/erddap/tabledap/scalar_1190543,https://dap.oceannetworks.ca/erddap/tabledap/scalar_1190543.graph,,,,,https://dap.oceannetworks.ca/erddap/metadata/fgdc/xml/scalar_1190543_fgdc.xml,https://dap.oceannetworks.ca/erddap/metadata/iso19115/xml/scalar_1190543_iso19115.xml,https://dap.oceannetworks.ca/erddap/info/scalar_1190543/index,(source database),https://oceannetworks.ca,https://dap.oceannetworks.ca/erddap/rss/scalar_1190543.rss,https://dap.oceannetworks.ca/erddap/subscriptions/add.html?datasetID=scalar_1190543&showErrors=false&email=,,NaN,"abstract: English = The Sea-Bird SBE 63 Dissolved Oxygen Sensor 630637 was deployed on 2014-05-09 at Barkley Canyon Axis. Barkley Canyon Axis is located within Barkley Canyon, where benthic processes, biodiversity, sediment dynamics are observed. This device is a Oxygen Sensor. Oxygen sensors measure dissolved oxygen concentration in seawater. It was deployed on a fixed platform. Data from this deployment were archived and made available through Ocean Networks Canada's Oceans 3.0 digital infrastructure, with quality assurance and derived data products following established practices., abstract: French = Ce Sea-Bird SBE 63 Dissolved Oxygen Sensor 630637 a \u00e9t\u00e9 d\u00e9ploy\u00e9 le 2014-05-09 au Barkley Canyon Axis . Barkley Canyon Axis est situ\u00e9 dans Barkley Canyon, o\u00f9 les processus benthiques, la biodiversit\u00e9 et la dynamique des s\u00e9diments sont observ\u00e9s. Cet instrument est un Capteur d'Oxyg\u00e8ne. Les capteurs d'oxyg\u00e8ne mesurent la concentration d'oxyg\u00e8ne dissous dans l'eau de mer. Il a \u00e9t\u00e9 deploy\u00e9 sur une plateforme fixe. Les donn\u00e9es de ce d\u00e9ploiement sont archiv\u00e9es et accessibles sur l\u2019infrastructure num\u00e9rique Oceans 3.0 du R\u00e9seau Canadien des Oc\u00e9ans (ONC), avec assurance de la qualit\u00e9 et produits d\u00e9riv\u00e9s selon les conventions \u00e9tablies.",data/raw/onc_erddap/scalar_1190543,data/raw/onc_erddap/scalar_1190543/source.nc,data/raw/onc_erddap/scalar_1190543/source.header.txt,https://dap.oceannetworks.ca/erddap/tabledap/scalar_1190543.dds,2014-05-09T15:50:42Z,2015-09-17T12:59:52Z
